threshold,precision,recall,f1,accuracy
0.05,0.5297110666908958,0.9993143640726774,0.6923990498812351,0.5462508759635599
0.06,0.5338097855964816,0.9986287281453549,0.6957248626701695,0.5536089698668535
0.07,0.5368867576540022,0.9979430922180322,0.6981652476316105,0.5590399439383321
0.08,0.5393883225208527,0.9976002742543709,0.7001924927815207,0.5634197617379118
0.09,0.543823584376752,0.9976002742543709,0.7039187227866474,0.5711282410651717
0.1,0.5472515060240963,0.9965718203633871,0.7065257017863653,0.5769096005606167
0.11,0.550521327014218,0.9955433664724032,0.708984375,0.5823405746320953
0.12,0.5547696425157713,0.9948577305450805,0.7123220422189495,0.5893482831114225
0.13,0.5583590138674884,0.9938292766540967,0.7150080157849303,0.5951296426068675
0.14,0.5612027158098933,0.9917723688721289,0.716798810703667,0.599509460406447
0.15,0.5648690894880812,0.9910867329448063,0.7196017423771002,0.605290819901892
0.16,0.5683651386976195,0.9904010970174837,0.72225,0.6107217939733707
0.17,0.5715135885736957,0.9876585533081933,0.7240512691631064,0.6152768044849334
0.18,0.575806128580012,0.9856016455262255,0.7269279393173198,0.6215837421163279
0.19,0.5800848313472026,0.9845731916352417,0.730045754956787,0.6278906797477225
0.2,0.5836219189244245,0.9821734658896126,0.7321748019422438,0.6327960756832516
0.21,0.585860655737705,0.9801165581076449,0.7333589842247018,0.6357743517869656
0.22,0.5885749639100846,0.9784024682893384,0.7349987123358228,0.6394533987386125
0.23,0.591675338189386,0.9746314706890641,0.7363377363377364,0.6433076384022425
0.24,0.5940905280804694,0.9718889269797737,0.7374170893484199,0.6462859145059565
0.25,0.598557182261829,0.9670894754885156,0.7394495412844037,0.6517168885774351
0.26,0.6018399657680787,0.9643469317792253,0.7411408246607825,0.6557463209530483
0.27,0.6045808124459809,0.9592046623243058,0.7416832339297548,0.6585494043447793
0.28,0.6085626911314985,0.9550908467603703,0.74342895263509,0.663104414856342
0.29,0.6142951980526665,0.9516626671237572,0.7466379774072082,0.6699369306236861
0.3,0.617831541218638,0.945491943777854,0.7473242108115431,0.6732655921513665
0.31,0.6223585548738922,0.9389784024682893,0.7485651817436458,0.677645409950946
0.32,0.62557497700092,0.9324648611587247,0.7487955953200275,0.6802733006306938
0.33,0.6287914139057397,0.9238944120671924,0.7482993197278912,0.6823756131744919
0.34,0.634469696969697,0.9187521426122729,0.7505951547402324,0.6879817799579537
0.35,0.6386957564133301,0.9132670551936921,0.7516930022573364,0.6916608269096005
0.36,0.6422330097087379,0.9070963318477888,0.7520250106579508,0.6942887175893483
0.37,0.6472916151372743,0.8971546109016112,0.7520114942528736,0.6976173791170287
0.38,0.6531588220488296,0.8896126157010628,0.7532656023222061,0.7021723896285914
0.39,0.6579148610757074,0.8848131642098046,0.7546783625730994,0.7060266292922215
0.4,0.6623410329613288,0.874871443263627,0.7539143279172821,0.7081289418360196
0.41,0.6683457051961824,0.8642440863901268,0.7537748542383017,0.7114576033637001
0.42,0.6746010278604274,0.8549880013712718,0.7541578469912307,0.7151366503153469
0.43,0.6802871341800111,0.844703462461433,0.753632053830861,0.7177645409950946
0.44,0.6843291995490417,0.8323620157696263,0.7511214230471771,0.7181149264190609
0.45,0.69288824383164,0.8183064792595132,0.7503929581892487,0.7217939733707078
0.46,0.6981861433244128,0.8049365786767226,0.7477707006369426,0.7224947442186405
0.47,0.7036585365853658,0.7912238601302708,0.7448765531708892,0.72302032235459
0.48,0.7095761381475667,0.7747685978745287,0.7407407407407407,0.7228451296426068
0.49,0.7184779103514995,0.7637984230373671,0.7404453306746427,0.7263489838822705
0.5,0.7238632592100896,0.7476859787452863,0.7355817875210793,0.7252978276103714
0.51,0.7286926994906622,0.7356873500171409,0.732173319686114,0.724947442186405
0.52,0.7335664335664336,0.7192320877613987,0.7263285442271075,0.72302032235459
0.53,0.7387096774193549,0.7065478231059308,0.7222708953916244,0.7223195515066573
0.54,0.7440147329650092,0.6924922865958176,0.7173295454545454,0.7210932025227751
0.55,0.751232461130072,0.6791223860130271,0.7133597407274037,0.7210932025227751
0.56,0.7574334898278561,0.6636955776482688,0.7074730495158048,0.7195164681149264
0.57,0.7634754625905068,0.6506684950291395,0.702572644826948,0.7184653118430273
0.58,0.7709987463435019,0.6324991429550908,0.6949152542372882,0.716187806587246
0.59,0.7767624020887729,0.6119300651354131,0.6845637583892618,0.7118079887876664
0.6,0.7817351598173516,0.5869043537881385,0.670452320344625,0.7051506657323056
0.61,0.7846593616007622,0.5646211861501542,0.6566985645933014,0.6983181499649614
0.62,0.7938816449348044,0.5426808364758313,0.6446752188963552,0.6942887175893483
0.63,0.8001063264221159,0.5159410353102503,0.6273447269695707,0.6867554309740714
0.64,0.8075834748160724,0.4892012341446692,0.6093082835183604,0.6793973370707779
0.65,0.8123486682808717,0.460061707233459,0.5874370759465967,0.6697617379117029
0.66,0.8214983713355049,0.4322934521768941,0.5664869721473496,0.6618780658724597
0.67,0.8280701754385965,0.4045251971203291,0.5435283279594657,0.6527680448493343
0.68,0.8386123680241327,0.381213575591361,0.5241574357765731,0.6462859145059565
0.69,0.8494271685761048,0.35584504628042507,0.5015704276395264,0.6385774351786966
0.7,0.846911369740376,0.32430579362358586,0.4690133862171542,0.6247372109320253
0.71,0.8542074363992173,0.29928008227631125,0.44325971058644326,0.6158023826208829
0.72,0.8546824542518837,0.2721974631470689,0.4128965158606344,0.6044148563419762
0.73,0.8690909090909091,0.24580047994514911,0.38321753073222875,0.5956552207428171
0.74,0.8755186721991701,0.21700377099760026,0.3478021978021978,0.5840925017519272
0.75,0.8767334360554699,0.19506342132327734,0.319125070106562,0.5746320953048353
0.76,0.8784722222222222,0.1734658896126157,0.28972230174634983,0.5653468815697267
0.77,0.8864097363083164,0.14981145011998628,0.2563049853372434,0.5557112824106517
0.78,0.8952380952380953,0.12889955433664724,0.22535211267605634,0.5471268395234758
0.79,0.8978494623655914,0.11450119986287281,0.20310124657950746,0.5408199018920813
0.8,0.8985074626865671,0.10318820706205005,0.18511685116851168,0.535739313244569
0.81,0.9119718309859155,0.08878985258827563,0.16182442986566697,0.529957953749124
0.82,0.9117647058823529,0.0743914981145012,0.1375594294770206,0.5233006306937631
0.83,0.9019607843137255,0.06307850531367844,0.11791092598526114,0.5176944639103014
0.84,0.9090909090909091,0.051422694549194375,0.0973393900064893,0.5126138752627891
0.85,0.927007299270073,0.04353788138498457,0.08316961362148002,0.5094604064470918
0.86,0.9680851063829787,0.031196434693177923,0.060445034872135504,0.5043798177995795
0.87,0.9838709677419355,0.020911895783339046,0.040953340046995634,0.49947442186405044
0.88,1.0,0.011655810764484058,0.02304303625889529,0.49491941135248774
0.89,1.0,0.008913267055193692,0.01766904519198097,0.4935178696566223
0.9,1.0,0.006513541309564621,0.012942779291553134,0.49229152067274
0.91,1.0,0.004456633527596846,0.008873720136518772,0.4912403644008409
0.92,1.0,0.0034281796366129585,0.006832934745473181,0.4907147862648914
0.93,1.0,0.0010284538909838875,0.002054794520547945,0.4894884372810091
0.94,1.0,0.00034281796366129587,0.0006854009595613434,0.48913805185704273
0.95,0.0,0.0,0.0,0.48896285914505955
